,file_name,column_name,task_id,start_time,end_time,hostname,host_ip,pid,error
0,gridlabd-4/PG&E/HL0004.glm,None,4ebeeea4-6a3d-464a-9977-aaacb43f0ce2,1660173686.7060578,1660173753.770364,worker-ccb94d85c-9q8m8,192.168.46.59,10,"Error run the Alarm clock
"
0,gridlabd-4/PG&E-1/HL0004.glm,None,e304dbb9-e1b0-4434-abfe-289557c12900,1660173714.2778234,1660173784.4254875,worker-ccb94d85c-kn4lz,192.168.66.113,10,"Error run the Alarm clock
"
1,PG&E-1/HL0004.glm,None,d53abaca-feaf-47da-ab1f-9a4d72825d90,1660173714.2332413,1660173784.3809464,worker-ccb94d85c-b8qcd,192.168.78.225,10,"Error run the Alarm clock
"
0,PG&E/HL0004.glm,None,99286dee-fc48-4f19-95a8-f324e9079470,1660173714.2614143,1660173784.8933954,worker-ccb94d85c-svrz2,192.168.69.233,10,"Error run the Alarm clock
"
0,PG&E/MC0006.glm,None,0a3ad9b5-5751-4a8e-93fc-7f910d3ef790,1660173728.9641867,1660173797.816035,worker-ccb94d85c-5n27x,192.168.38.81,11,"Error run the Alarm clock
"
0,gridlabd-4/PG&E-1/MC0006.glm,None,503b98a8-7708-4ac2-a65c-d42ad0709f9e,1660173729.524402,1660173798.3122606,worker-ccb94d85c-m69px,192.168.55.168,11,"Error run the Alarm clock
"
0,gridlabd-4/PG&E/MC0006.glm,None,c16adf02-299a-4453-850e-103785b016f1,1660173730.060294,1660173798.377829,worker-ccb94d85c-b8qcd,192.168.78.225,11,"Error run the Alarm clock
Alarm clock
"
0,gridlabd-5/PG&E/MC0006.glm,None,eede9210-ec8d-41e5-84d8-35e64bc2ab74,1660173731.128175,1660173800.119798,worker-ccb94d85c-svrz2,192.168.69.233,11,"Error run the Alarm clock
Alarm clock
"
